"Election Name","County Name","Office Name","District Name","Party Name","Candidate Name","Votes","Yes Votes","No Votes"
"2018 General Election","ADAMS","Representative in the General Assembly","91st Legislative District","Democratic","QUALLY, MARTY ","9,324","0","0"
"2018 General Election","ADAMS","Representative in the General Assembly","91st Legislative District","Republican","MOUL, DANIEL P ","15,920","0","0"
"2018 General Election","ADAMS","Representative in the General Assembly","193rd Legislative District","Democratic","NELSON, MATTHEW P ","4,138","0","0"
"2018 General Election","ADAMS","Representative in the General Assembly","193rd Legislative District","Republican","ECKER, TORREN C ","9,632","0","0"
"2018 General Election","ALLEGHENY","Representative in the General Assembly","16th Legislative District","Democratic","MATZIE, ROBERT F ","936","0","0"
"2018 General Election","ALLEGHENY","Representative in the General Assembly","19th Legislative District","Democratic","WHEATLEY, JAKE ","17,534","0","0"
"2018 General Election","ALLEGHENY","Representative in the General Assembly","20th Legislative District","Democratic","RAVENSTAHL, ADAM J ","21,719","0","0"
"2018 General Election","ALLEGHENY","Representative in the General Assembly","21st Legislative District","Democratic","INNAMORATO, SARA G ","19,766","0","0"
"2018 General Election","ALLEGHENY","Representative in the General Assembly","23rd Legislative District","Democratic","FRANKEL, DAN B. ","22,414","0","0"
"2018 General Election","ALLEGHENY","Representative in the General Assembly","23rd Legislative District","Green","WALKER, JAY TING ","2,332","0","0"
"2018 General Election","ALLEGHENY","Representative in the General Assembly","24th Legislative District","Democratic","GAINEY, EDWARD C ","24,994","0","0"
"2018 General Election","ALLEGHENY","Representative in the General Assembly","25th Legislative District","Democratic","MARKOSEK, BRANDON J ","13,963","0","0"
"2018 General Election","ALLEGHENY","Representative in the General Assembly","25th Legislative District","Republican","SCHLAUCH, STEPHEN DAVID ","10,278","0","0"
"2018 General Election","ALLEGHENY","Representative in the General Assembly","27th Legislative District","Democratic","DEASY, DANIEL J ","19,413","0","0"
"2018 General Election","ALLEGHENY","Representative in the General Assembly","28th Legislative District","Democratic","SKOPOV, EMILY S ","14,915","0","0"
"2018 General Election","ALLEGHENY","Representative in the General Assembly","28th Legislative District","Republican","TURZAI, MICHAEL C ","17,902","0","0"
"2018 General Election","ALLEGHENY","Representative in the General Assembly","30th Legislative District","Democratic","MONROE, ELIZABETH ","15,682","0","0"
"2018 General Election","ALLEGHENY","Representative in the General Assembly","30th Legislative District","Republican","MIZGORSKI, LORI A ","17,172","0","0"
"2018 General Election","ALLEGHENY","Representative in the General Assembly","32nd Legislative District","Democratic","DELUCA, ANTHONY M ","22,726","0","0"
"2018 General Election","ALLEGHENY","Representative in the General Assembly","33rd Legislative District","Democratic","DERMODY, FRANCIS J ","9,559","0","0"
"2018 General Election","ALLEGHENY","Representative in the General Assembly","33rd Legislative District","Republican","NULPH, JOSHUA RICHARD ","7,798","0","0"
"2018 General Election","ALLEGHENY","Representative in the General Assembly","34th Legislative District","Democratic","LEE, SUMMER L ","21,123","0","0"
"2018 General Election","ALLEGHENY","Representative in the General Assembly","35th Legislative District","Democratic","DAVIS, AUSTIN ","15,080","0","0"
"2018 General Election","ALLEGHENY","Representative in the General Assembly","36th Legislative District","Democratic","READSHAW, HARRY A III","19,089","0","0"
"2018 General Election","ALLEGHENY","Representative in the General Assembly","38th Legislative District","Democratic","KORTZ, WILLIAM C II","19,975","0","0"
"2018 General Election","ALLEGHENY","Representative in the General Assembly","39th Legislative District","Democratic","RHODERICK, ROBERT E JR","9,700","0","0"
"2018 General Election","ALLEGHENY","Representative in the General Assembly","39th Legislative District","Republican","PUSKARIC, MICHAEL J ","11,650","0","0"
"2018 General Election","ALLEGHENY","Representative in the General Assembly","40th Legislative District","Democratic","GUIDI, SHARON  M. ","10,533","0","0"
"2018 General Election","ALLEGHENY","Representative in the General Assembly","40th Legislative District","Republican","MIHALEK STUCK , NATALIE  NICOLE  ","11,324","0","0"
"2018 General Election","ALLEGHENY","Representative in the General Assembly","42nd Legislative District","Democratic","MILLER, DANIEL L ","23,837","0","0"
"2018 General Election","ALLEGHENY","Representative in the General Assembly","44th Legislative District","Democratic","KNOLL, MICHELE ","14,023","0","0"
"2018 General Election","ALLEGHENY","Representative in the General Assembly","44th Legislative District","Republican","GAYDOS, VALERIE S ","15,094","0","0"
"2018 General Election","ALLEGHENY","Representative in the General Assembly","45th Legislative District","Democratic","KULIK, ANITA ASTORINO ","20,781","0","0"
"2018 General Election","ALLEGHENY","Representative in the General Assembly","46th Legislative District","Democratic","TIMMINS, BYRON FLAVIN ","6,922","0","0"
"2018 General Election","ALLEGHENY","Representative in the General Assembly","46th Legislative District","Republican","ORTITAY, JASON A ","7,482","0","0"
"2018 General Election","ALLEGHENY","Representative in the General Assembly","54th Legislative District","Democratic","MCCABE, JONATHAN PAUL ","2,927","0","0"
"2018 General Election","ALLEGHENY","Representative in the General Assembly","54th Legislative District","Republican","BROOKS, ROBERT J ","3,826","0","0"
"2018 General Election","ARMSTRONG","Representative in the General Assembly","55th Legislative District","Democratic","PETRARCA, JOSEPH A ","1,382","0","0"
"2018 General Election","ARMSTRONG","Representative in the General Assembly","60th Legislative District","Republican","PYLE, JEFFREY PAUL ","13,679","0","0"
"2018 General Election","ARMSTRONG","Representative in the General Assembly","63rd Legislative District","Democratic","WARNER, CONRAD ","1,141","0","0"
"2018 General Election","ARMSTRONG","Representative in the General Assembly","63rd Legislative District","Republican","OBERLANDER, DONNA R ","4,830","0","0"
"2018 General Election","BEAVER","Representative in the General Assembly","10th Legislative District","Democratic / Republican","BERNSTINE, AARON JOSEPH ","6,427","0","0"
"2018 General Election","BEAVER","Representative in the General Assembly","10th Legislative District","Green","SLAPPY, DARCELLE L ","2,269","0","0"
"2018 General Election","BEAVER","Representative in the General Assembly","14th Legislative District","Democratic","FAZIO, AMY ","7,170","0","0"
"2018 General Election","BEAVER","Representative in the General Assembly","14th Legislative District","Republican","MARSHALL, JAMES E ","12,364","0","0"
"2018 General Election","BEAVER","Representative in the General Assembly","15th Legislative District","Democratic","MITKO, TERRI ","6,924","0","0"
"2018 General Election","BEAVER","Representative in the General Assembly","15th Legislative District","Republican","KAIL, JOSHUA DANIEL ","9,280","0","0"
"2018 General Election","BEAVER","Representative in the General Assembly","16th Legislative District","Democratic","MATZIE, ROBERT F ","17,592","0","0"
"2018 General Election","BEDFORD","Representative in the General Assembly","69th Legislative District","Democratic","COLE, JEFF ","780","0","0"
"2018 General Election","BEDFORD","Representative in the General Assembly","69th Legislative District","Republican","METZGAR, CARL WALKER ","4,221","0","0"
"2018 General Election","BEDFORD","Representative in the General Assembly","78th Legislative District","Democratic","BAUGHMAN, DEBORAH TURNER ","3,045","0","0"
"2018 General Election","BEDFORD","Representative in the General Assembly","78th Legislative District","Republican","TOPPER, JESSE WILLS ","10,864","0","0"
"2018 General Election","BERKS","Representative in the General Assembly","5th Legislative District","Republican","JOZWIAK, BARRY J ","18,082","0","0"
"2018 General Election","BERKS","Representative in the General Assembly","124th Legislative District","Republican","KNOWLES, JEROME P ","5,756","0","0"
"2018 General Election","BERKS","Representative in the General Assembly","126th Legislative District","Democratic","ROZZI, MARK LUCIO ","15,291","0","0"
"2018 General Election","BERKS","Representative in the General Assembly","127th Legislative District","Democratic","CALTAGIRONE, THOMAS R ","8,333","0","0"
"2018 General Election","BERKS","Representative in the General Assembly","127th Legislative District","Republican","GAGLIARDO, VINCENT D JR","2,092","0","0"
"2018 General Election","BERKS","Representative in the General Assembly","128th Legislative District","Democratic","METCALFE, DOUGLAS B ","10,484","0","0"
"2018 General Election","BERKS","Representative in the General Assembly","128th Legislative District","Republican","GILLEN, MARK M ","14,805","0","0"
"2018 General Election","BERKS","Representative in the General Assembly","129th Legislative District","Democratic","WERTZ, TRICIA L ","10,604","0","0"
"2018 General Election","BERKS","Representative in the General Assembly","129th Legislative District","Republican","COX, JAMES A JR","11,350","0","0"
"2018 General Election","BERKS","Representative in the General Assembly","130th Legislative District","Republican","MALONEY, DAVID M SR","18,369","0","0"
"2018 General Election","BERKS","Representative in the General Assembly","134th Legislative District","Democratic","APPLEBACH, THOMAS LEE ","2,489","0","0"
"2018 General Election","BERKS","Representative in the General Assembly","134th Legislative District","Republican","MACKENZIE, RYAN E ","4,211","0","0"
"2018 General Election","BERKS","Representative in the General Assembly","187th Legislative District","Democratic","BLICHAR, MICHAEL JR","1,796","0","0"
"2018 General Election","BERKS","Representative in the General Assembly","187th Legislative District","Republican","DAY, GARY  W ","1,672","0","0"
"2018 General Election","BLAIR","Representative in the General Assembly","79th Legislative District","Republican","SCHMITT, LOUIS C. JR","15,106","0","0"
"2018 General Election","BLAIR","Representative in the General Assembly","80th Legislative District","Democratic","BURKE, LAURA ","6,164","0","0"
"2018 General Election","BLAIR","Representative in the General Assembly","80th Legislative District","Republican","GREGORY, JAMES V ","17,889","0","0"
"2018 General Election","BRADFORD","Representative in the General Assembly","68th Legislative District","Democratic","HEATH, CARRIE L ","1,146","0","0"
"2018 General Election","BRADFORD","Representative in the General Assembly","68th Legislative District","Republican","OWLETT, CLINTON DENNIS ","4,555","0","0"
"2018 General Election","BRADFORD","Representative in the General Assembly","110th Legislative District","Democratic","IANNONE, DONNA ","4,209","0","0"
"2018 General Election","BRADFORD","Representative in the General Assembly","110th Legislative District","Republican","PICKETT, TINA ","10,453","0","0"
"2018 General Election","BUCKS","Representative in the General Assembly","18th Legislative District","Democratic","LAMB, JAMES JOHN III","9,897","0","0"
"2018 General Election","BUCKS","Representative in the General Assembly","18th Legislative District","Republican","DIGIROLAMO, GENE ","12,870","0","0"
"2018 General Election","BUCKS","Representative in the General Assembly","29th Legislative District","Democratic","DIXON, ANDREW FRANKLIN ","15,157","0","0"
"2018 General Election","BUCKS","Representative in the General Assembly","29th Legislative District","Republican","SCHROEDER, MEGHAN ","16,555","0","0"
"2018 General Election","BUCKS","Representative in the General Assembly","31st Legislative District","Democratic","WARREN, PERRY S JR","20,583","0","0"
"2018 General Election","BUCKS","Representative in the General Assembly","31st Legislative District","Republican","GALLAGHER, RYAN W ","13,745","0","0"
"2018 General Election","BUCKS","Representative in the General Assembly","140th Legislative District","Democratic","GALLOWAY, JOHN T ","17,490","0","0"
"2018 General Election","BUCKS","Representative in the General Assembly","141st Legislative District","Democratic","DAVIS, TINA ","13,347","0","0"
"2018 General Election","BUCKS","Representative in the General Assembly","141st Legislative District","Republican","SPOSATO, ANTHONY ","8,137","0","0"
"2018 General Election","BUCKS","Representative in the General Assembly","142nd Legislative District","Democratic","LAREAU, MALINDA LAUREN ","14,241","0","0"
"2018 General Election","BUCKS","Representative in the General Assembly","142nd Legislative District","Republican","FARRY, FRANK ANTHONY III","18,177","0","0"
"2018 General Election","BUCKS","Representative in the General Assembly","143rd Legislative District","Democratic","ULLMAN, WENDY ","17,339","0","0"
"2018 General Election","BUCKS","Representative in the General Assembly","143rd Legislative District","Republican","FLOOD, JOSEPH PATRICK ","16,763","0","0"
"2018 General Election","BUCKS","Representative in the General Assembly","144th Legislative District","Democratic","BUCK, MEREDITH JEAN ","14,867","0","0"
"2018 General Election","BUCKS","Representative in the General Assembly","144th Legislative District","Republican","POLINCHOCK, F TODD ","15,457","0","0"
"2018 General Election","BUCKS","Representative in the General Assembly","145th Legislative District","Democratic","KLINE, BRIAN ","11,997","0","0"
"2018 General Election","BUCKS","Representative in the General Assembly","145th Legislative District","Republican","STAATS, CRAIG  T ","15,598","0","0"
"2018 General Election","BUCKS","Representative in the General Assembly","178th Legislative District","Democratic","TAI, HELEN D ","17,036","0","0"
"2018 General Election","BUCKS","Representative in the General Assembly","178th Legislative District","Republican","THOMAS, WENDI ","17,608","0","0"
"2018 General Election","BUTLER","Representative in the General Assembly","8th Legislative District","Democratic","BOEVING-LEARNED, LISA K ","2,988","0","0"
"2018 General Election","BUTLER","Representative in the General Assembly","8th Legislative District","Republican","NESBIT, TEDD ","6,939","0","0"
"2018 General Election","BUTLER","Representative in the General Assembly","10th Legislative District","Democratic / Republican","BERNSTINE, AARON JOSEPH ","1,888","0","0"
"2018 General Election","BUTLER","Representative in the General Assembly","10th Legislative District","Green","SLAPPY, DARCELLE L ","677","0","0"
"2018 General Election","BUTLER","Representative in the General Assembly","11th Legislative District","Republican","ELLIS, BRIAN L ","16,079","0","0"
"2018 General Election","BUTLER","Representative in the General Assembly","11th Legislative District","Independent","DOCTOR, SAMUEL ","4,939","0","0"
"2018 General Election","BUTLER","Representative in the General Assembly","12th Legislative District","Democratic","SMITH, DANIEL BURTON JR","12,922","0","0"
"2018 General Election","BUTLER","Representative in the General Assembly","12th Legislative District","Republican","METCALFE, DARYL D ","18,086","0","0"
"2018 General Election","BUTLER","Representative in the General Assembly","14th Legislative District","Democratic","FAZIO, AMY ","2,344","0","0"
"2018 General Election","BUTLER","Representative in the General Assembly","14th Legislative District","Republican","MARSHALL, JAMES E ","3,896","0","0"
"2018 General Election","BUTLER","Representative in the General Assembly","60th Legislative District","Republican","PYLE, JEFFREY PAUL ","3,928","0","0"
"2018 General Election","BUTLER","Representative in the General Assembly","64th Legislative District","Democratic","KLUCK, JOHN ","439","0","0"
"2018 General Election","BUTLER","Representative in the General Assembly","64th Legislative District","Republican","JAMES, R LEE ","1,475","0","0"
"2018 General Election","CAMBRIA","Representative in the General Assembly","71st Legislative District","Democratic","BARBIN, BRYAN E ","10,531","0","0"
"2018 General Election","CAMBRIA","Representative in the General Assembly","71st Legislative District","Republican","RIGBY, JAMES PATRICK ","11,414","0","0"
"2018 General Election","CAMBRIA","Representative in the General Assembly","72nd Legislative District","Democratic","BURNS, FRANK ","11,819","0","0"
"2018 General Election","CAMBRIA","Representative in the General Assembly","72nd Legislative District","Republican","CARNICELLA, GERALD S ","10,726","0","0"
"2018 General Election","CAMBRIA","Representative in the General Assembly","73rd Legislative District","Democratic / Republican","SANKEY, THOMAS R III","4,927","0","0"
"2018 General Election","CAMERON","Representative in the General Assembly","67th Legislative District","Democratic","COLE, MARYANNE ","440","0","0"
"2018 General Election","CAMERON","Representative in the General Assembly","67th Legislative District","Republican","CAUSER, MARTIN T ","1,329","0","0"
"2018 General Election","CARBON","Representative in the General Assembly","122nd Legislative District","Democratic","SCOTT, KARA M ","7,035","0","0"
"2018 General Election","CARBON","Representative in the General Assembly","122nd Legislative District","Republican","HEFFLEY, DOYLE M ","14,355","0","0"
"2018 General Election","CARBON","Representative in the General Assembly","124th Legislative District","Republican","KNOWLES, JEROME P ","746","0","0"
"2018 General Election","CENTRE","Representative in the General Assembly","76th Legislative District","Democratic","HANNA, MICHAEL  KELLY JR","3,742","0","0"
"2018 General Election","CENTRE","Representative in the General Assembly","76th Legislative District","Republican","BOROWICZ, STEPHANIE PAIGE ","4,674","0","0"
"2018 General Election","CENTRE","Representative in the General Assembly","77th Legislative District","Democratic","CONKLIN, H SCOTT ","14,909","0","0"
"2018 General Election","CENTRE","Representative in the General Assembly","81st Legislative District","Democratic","ROGERS, RICHARD JAMES SR","4,111","0","0"
"2018 General Election","CENTRE","Representative in the General Assembly","81st Legislative District","Republican","IRVIN, RICHARD S. ","3,654","0","0"
"2018 General Election","CENTRE","Representative in the General Assembly","81st Legislative District","Libertarian","SOLOSKI, JOSEPH P ","344","0","0"
"2018 General Election","CENTRE","Representative in the General Assembly","171st Legislative District","Democratic","MCCRACKEN, ERIN  CONDO ","11,292","0","0"
"2018 General Election","CENTRE","Representative in the General Assembly","171st Legislative District","Republican","BENNINGHOFF, KERRY ALBERT ","13,941","0","0"
"2018 General Election","CHESTER","Representative in the General Assembly","13th Legislative District","Democratic","WALKER, SUSANNAH L ","10,905","0","0"
"2018 General Election","CHESTER","Representative in the General Assembly","13th Legislative District","Republican","LAWRENCE, JOHN ADDA ","13,009","0","0"
"2018 General Election","CHESTER","Representative in the General Assembly","13th Legislative District","Libertarian","PIROCCHI, DOMINIC J ","306","0","0"
"2018 General Election","CHESTER","Representative in the General Assembly","26th Legislative District","Democratic","HACKER, PAMELA A ","11,099","0","0"
"2018 General Election","CHESTER","Representative in the General Assembly","26th Legislative District","Republican","HENNESSEY, TIMOTHY F ","13,783","0","0"
"2018 General Election","CHESTER","Representative in the General Assembly","74th Legislative District","Democratic","WILLIAMS, DAN K ","14,826","0","0"
"2018 General Election","CHESTER","Representative in the General Assembly","74th Legislative District","Republican","TURNER, AMBER LITTLE ","9,294","0","0"
"2018 General Election","CHESTER","Representative in the General Assembly","155th Legislative District","Democratic","OTTEN, DANIELLE FRIEL ","18,434","0","0"
"2018 General Election","CHESTER","Representative in the General Assembly","155th Legislative District","Republican","CORBIN, REBECCA P ","15,300","0","0"
"2018 General Election","CHESTER","Representative in the General Assembly","156th Legislative District","Democratic","COMITTA, CAROLYN ","17,923","0","0"
"2018 General Election","CHESTER","Representative in the General Assembly","156th Legislative District","Republican","DEMINSKI, NICHOLAS ","13,792","0","0"
"2018 General Election","CHESTER","Representative in the General Assembly","157th Legislative District","Democratic","SHUSTERMAN, MELISSA ","14,524","0","0"
"2018 General Election","CHESTER","Representative in the General Assembly","157th Legislative District","Republican","KAMPF, WARREN E ","10,908","0","0"
"2018 General Election","CHESTER","Representative in the General Assembly","158th Legislative District","Democratic","SAPPEY, CHRISTINA  D ","15,641","0","0"
"2018 General Election","CHESTER","Representative in the General Assembly","158th Legislative District","Republican","ROE, ERIC MARK ","13,628","0","0"
"2018 General Election","CHESTER","Representative in the General Assembly","160th Legislative District","Democratic","ANDREW, ANTON ","6,005","0","0"
"2018 General Election","CHESTER","Representative in the General Assembly","160th Legislative District","Republican","BARRAR, STEPHEN E. ","4,280","0","0"
"2018 General Election","CHESTER","Representative in the General Assembly","167th Legislative District","Democratic","HOWARD, KRISTINE C ","17,109","0","0"
"2018 General Election","CHESTER","Representative in the General Assembly","167th Legislative District","Republican","MILNE, DUANE D ","15,700","0","0"
"2018 General Election","CLARION","Representative in the General Assembly","63rd Legislative District","Democratic","WARNER, CONRAD ","4,278","0","0"
"2018 General Election","CLARION","Representative in the General Assembly","63rd Legislative District","Republican","OBERLANDER, DONNA R ","9,814","0","0"
"2018 General Election","CLEARFIELD","Representative in the General Assembly","73rd Legislative District","Democratic / Republican","SANKEY, THOMAS R III","14,680","0","0"
"2018 General Election","CLEARFIELD","Representative in the General Assembly","75th Legislative District","Democratic / Republican","GABLER, MATTHEW M ","11,008","0","0"
"2018 General Election","CLINTON","Representative in the General Assembly","76th Legislative District","Democratic","HANNA, MICHAEL  KELLY JR","5,924","0","0"
"2018 General Election","CLINTON","Representative in the General Assembly","76th Legislative District","Republican","BOROWICZ, STEPHANIE PAIGE ","6,549","0","0"
"2018 General Election","COLUMBIA","Representative in the General Assembly","107th Legislative District","Democratic","DONNELLY, SARAH ","416","0","0"
"2018 General Election","COLUMBIA","Representative in the General Assembly","107th Legislative District","Republican","MASSER, KURT A ","1,057","0","0"
"2018 General Election","COLUMBIA","Representative in the General Assembly","109th Legislative District","Democratic","SANDERS, EDWARD THOMAS III","7,149","0","0"
"2018 General Election","COLUMBIA","Representative in the General Assembly","109th Legislative District","Republican","MILLARD, DAVID R ","14,039","0","0"
"2018 General Election","CRAWFORD","Representative in the General Assembly","6th Legislative District","Republican","ROAE, BRADLEY T ","13,086","0","0"
"2018 General Election","CRAWFORD","Representative in the General Assembly","17th Legislative District","Republican","WENTLING, PARKE H ","6,376","0","0"
"2018 General Election","CRAWFORD","Representative in the General Assembly","65th Legislative District","Republican","RAPP, KATHY L ","4,170","0","0"
"2018 General Election","CUMBERLAND","Representative in the General Assembly","86th Legislative District","Democratic","ANDERSON, KAREN ANN ","2,050","0","0"
"2018 General Election","CUMBERLAND","Representative in the General Assembly","86th Legislative District","Republican","KELLER, MARK K ","3,212","0","0"
"2018 General Election","CUMBERLAND","Representative in the General Assembly","87th Legislative District","Democratic","QUINLAN, SEAN PATRICK ","14,203","0","0"
"2018 General Election","CUMBERLAND","Representative in the General Assembly","87th Legislative District","Republican","ROTHMAN, WILLIAM GREGORY ","18,541","0","0"
"2018 General Election","CUMBERLAND","Representative in the General Assembly","88th Legislative District","Democratic","FOSCHI, JEAN  MARIE VARGAS ","11,636","0","0"
"2018 General Election","CUMBERLAND","Representative in the General Assembly","88th Legislative District","Republican","DELOZIER, SHERYL M ","16,134","0","0"
"2018 General Election","CUMBERLAND","Representative in the General Assembly","92nd Legislative District","Democratic","DANIELSON, SHANNA LEIGH ","968","0","0"
"2018 General Election","CUMBERLAND","Representative in the General Assembly","92nd Legislative District","Republican","KEEFER, DAWN WETZEL ","1,990","0","0"
"2018 General Election","CUMBERLAND","Representative in the General Assembly","193rd Legislative District","Democratic","NELSON, MATTHEW P ","3,602","0","0"
"2018 General Election","CUMBERLAND","Representative in the General Assembly","193rd Legislative District","Republican","ECKER, TORREN C ","6,756","0","0"
"2018 General Election","CUMBERLAND","Representative in the General Assembly","199th Legislative District","Democratic","MCGINNIS, JOSEPH SHERWOOD JR","9,866","0","0"
"2018 General Election","CUMBERLAND","Representative in the General Assembly","199th Legislative District","Republican","GLEIM, BARBARA J ","14,733","0","0"
"2018 General Election","CUMBERLAND","Representative in the General Assembly","199th Legislative District","Libertarian","BOUST, CHARLES M ","433","0","0"
"2018 General Election","DAUPHIN","Representative in the General Assembly","98th Legislative District","Democratic","AUKER-ENDRES, MARY ","516","0","0"
"2018 General Election","DAUPHIN","Representative in the General Assembly","98th Legislative District","Republican","HICKERNELL, DAVID S ","1,540","0","0"
"2018 General Election","DAUPHIN","Representative in the General Assembly","98th Legislative District","Libertarian","MILLER, JAMES M ","45","0","0"
"2018 General Election","DAUPHIN","Representative in the General Assembly","103rd Legislative District","Democratic","KIM, PATTY H ","15,422","0","0"
"2018 General Election","DAUPHIN","Representative in the General Assembly","103rd Legislative District","Republican","HARRELL, ANTHONY THOMAS ","2,941","0","0"
"2018 General Election","DAUPHIN","Representative in the General Assembly","104th Legislative District","Democratic","SMITH, PATRICIA ANN ","12,449","0","0"
"2018 General Election","DAUPHIN","Representative in the General Assembly","104th Legislative District","Republican","HELM, SUSAN C ","13,645","0","0"
"2018 General Election","DAUPHIN","Representative in the General Assembly","105th Legislative District","Democratic","EPSTEIN, ERIC J ","15,277","0","0"
"2018 General Election","DAUPHIN","Representative in the General Assembly","105th Legislative District","Republican","LEWIS, ANDREW ","15,789","0","0"
"2018 General Election","DAUPHIN","Representative in the General Assembly","106th Legislative District","Democratic","LINTA, JILL ","12,079","0","0"
"2018 General Election","DAUPHIN","Representative in the General Assembly","106th Legislative District","Republican","MEHAFFIE, THOMAS L III","14,513","0","0"
"2018 General Election","DAUPHIN","Representative in the General Assembly","125th Legislative District","Republican","TOBASH, MICHAEL G ","3,338","0","0"
"2018 General Election","DELAWARE","Representative in the General Assembly","159th Legislative District","Democratic","KIRKLAND, BRIAN J ","13,379","0","0"
"2018 General Election","DELAWARE","Representative in the General Assembly","159th Legislative District","Republican","MOTON, RUTH ","4,113","0","0"
"2018 General Election","DELAWARE","Representative in the General Assembly","160th Legislative District","Democratic","ANDREW, ANTON ","8,588","0","0"
"2018 General Election","DELAWARE","Representative in the General Assembly","160th Legislative District","Republican","BARRAR, STEPHEN E. ","11,200","0","0"
"2018 General Election","DELAWARE","Representative in the General Assembly","161st Legislative District","Democratic","KRUEGER-BRANEKY, LEANNE T ","17,573","0","0"
"2018 General Election","DELAWARE","Representative in the General Assembly","161st Legislative District","Republican","RODGERS MORRISETTE, PATTI ","12,467","0","0"
"2018 General Election","DELAWARE","Representative in the General Assembly","162nd Legislative District","Democratic","DELLOSO, DAVID M ","12,826","0","0"
"2018 General Election","DELAWARE","Representative in the General Assembly","162nd Legislative District","Republican","HOPPER, MARY ","12,056","0","0"
"2018 General Election","DELAWARE","Representative in the General Assembly","163rd Legislative District","Democratic","ZABEL, MICHAEL PATRICK ","15,000","0","0"
"2018 General Election","DELAWARE","Representative in the General Assembly","163rd Legislative District","Republican","SANTORA, JAMES ","13,077","0","0"
"2018 General Election","DELAWARE","Representative in the General Assembly","164th Legislative District","Democratic","DAVIDSON, MARGO LOMAX ","17,490","0","0"
"2018 General Election","DELAWARE","Representative in the General Assembly","164th Legislative District","Republican","BAINS, INDERJIT ","3,565","0","0"
"2018 General Election","DELAWARE","Representative in the General Assembly","165th Legislative District","Democratic","OMARA, JENNIFER M ","15,639","0","0"
"2018 General Election","DELAWARE","Representative in the General Assembly","165th Legislative District","Republican","CHARLTON, ALEXANDER T ","15,485","0","0"
"2018 General Election","DELAWARE","Representative in the General Assembly","166th Legislative District","Democratic","VITALI, GREGORY S ","18,139","0","0"
"2018 General Election","DELAWARE","Representative in the General Assembly","166th Legislative District","Republican","RUBIO, BALTAZAR EDSON ","7,717","0","0"
"2018 General Election","DELAWARE","Representative in the General Assembly","168th Legislative District","Democratic","SEALE, KRISTIN ","15,811","0","0"
"2018 General Election","DELAWARE","Representative in the General Assembly","168th Legislative District","Republican","QUINN, CHRISTOPHER B ","16,569","0","0"
"2018 General Election","DELAWARE","Representative in the General Assembly","185th Legislative District","Democratic","DONATUCCI, MARIA P ","4,015","0","0"
"2018 General Election","DELAWARE","Representative in the General Assembly","191st Legislative District","Democratic","MCCLINTON, JOANNA E ","5,630","0","0"
"2018 General Election","ELK","Representative in the General Assembly","75th Legislative District","Democratic / Republican","GABLER, MATTHEW M ","10,717","0","0"
"2018 General Election","ERIE","Representative in the General Assembly","1st Legislative District","Democratic","HARKINS, PATRICK J ","13,019","0","0"
"2018 General Election","ERIE","Representative in the General Assembly","2nd Legislative District","Democratic","MERSKI, ROBERT E ","13,736","0","0"
"2018 General Election","ERIE","Representative in the General Assembly","2nd Legislative District","Republican","KUZMA, TIMOTHY P ","7,429","0","0"
"2018 General Election","ERIE","Representative in the General Assembly","3rd Legislative District","Democratic","BIZZARRO, RYAN A ","20,265","0","0"
"2018 General Election","ERIE","Representative in the General Assembly","4th Legislative District","Republican","SONNEY, CURTIS G ","17,389","0","0"
"2018 General Election","ERIE","Representative in the General Assembly","6th Legislative District","Republican","ROAE, BRADLEY T ","4,649","0","0"
"2018 General Election","ERIE","Representative in the General Assembly","17th Legislative District","Republican","WENTLING, PARKE H ","4,754","0","0"
"2018 General Election","FAYETTE","Representative in the General Assembly","49th Legislative District","Democratic","TOPRANI, STEVEN MATTHEW ","1,506","0","0"
"2018 General Election","FAYETTE","Representative in the General Assembly","49th Legislative District","Republican","COOK, DONALD ","2,108","0","0"
"2018 General Election","FAYETTE","Representative in the General Assembly","50th Legislative District","Democratic","SNYDER, PAMELA ","2,898","0","0"
"2018 General Election","FAYETTE","Representative in the General Assembly","50th Legislative District","Republican","ROHANNA MCCLURE, ELIZABETH L ","1,732","0","0"
"2018 General Election","FAYETTE","Representative in the General Assembly","51st Legislative District","Democratic","MAHONEY, TIMOTHY S ","7,585","0","0"
"2018 General Election","FAYETTE","Representative in the General Assembly","51st Legislative District","Republican","DOWLING, MATTHEW DAVID ","7,955","0","0"
"2018 General Election","FAYETTE","Representative in the General Assembly","52nd Legislative District","Democratic","KEEDY, ETHAN EARL ","6,704","0","0"
"2018 General Election","FAYETTE","Representative in the General Assembly","52nd Legislative District","Republican","WARNER, RYAN JAMES ","10,425","0","0"
"2018 General Election","FOREST","Representative in the General Assembly","63rd Legislative District","Democratic","WARNER, CONRAD ","166","0","0"
"2018 General Election","FOREST","Representative in the General Assembly","63rd Legislative District","Republican","OBERLANDER, DONNA R ","519","0","0"
"2018 General Election","FOREST","Representative in the General Assembly","65th Legislative District","Republican","RAPP, KATHY L ","985","0","0"
"2018 General Election","FRANKLIN","Representative in the General Assembly","78th Legislative District","Democratic","BAUGHMAN, DEBORAH TURNER ","1,047","0","0"
"2018 General Election","FRANKLIN","Representative in the General Assembly","78th Legislative District","Republican","TOPPER, JESSE WILLS ","3,646","0","0"
"2018 General Election","FRANKLIN","Representative in the General Assembly","82nd Legislative District","Republican","HERSHEY, JOHNATHAN DEAN ","2,633","0","0"
"2018 General Election","FRANKLIN","Representative in the General Assembly","82nd Legislative District","No Affiliation","BOOK, ELIZABETH S ","426","0","0"
"2018 General Election","FRANKLIN","Representative in the General Assembly","89th Legislative District","Republican","KAUFFMAN, ROBERT W ","18,087","0","0"
"2018 General Election","FRANKLIN","Representative in the General Assembly","90th Legislative District","Republican","SCHEMEL, PAUL THOMAS ","19,096","0","0"
"2018 General Election","FULTON","Representative in the General Assembly","78th Legislative District","Democratic","BAUGHMAN, DEBORAH TURNER ","879","0","0"
"2018 General Election","FULTON","Representative in the General Assembly","78th Legislative District","Republican","TOPPER, JESSE WILLS ","4,427","0","0"
"2018 General Election","GREENE","Representative in the General Assembly","50th Legislative District","Democratic","SNYDER, PAMELA ","6,395","0","0"
"2018 General Election","GREENE","Representative in the General Assembly","50th Legislative District","Republican","ROHANNA MCCLURE, ELIZABETH L ","5,550","0","0"
"2018 General Election","HUNTINGDON","Representative in the General Assembly","81st Legislative District","Democratic","ROGERS, RICHARD JAMES SR","4,307","0","0"
"2018 General Election","HUNTINGDON","Representative in the General Assembly","81st Legislative District","Republican","IRVIN, RICHARD S. ","11,195","0","0"
"2018 General Election","HUNTINGDON","Representative in the General Assembly","81st Legislative District","Libertarian","SOLOSKI, JOSEPH P ","361","0","0"
"2018 General Election","INDIANA","Representative in the General Assembly","55th Legislative District","Democratic","PETRARCA, JOSEPH A ","182","0","0"
"2018 General Election","INDIANA","Representative in the General Assembly","60th Legislative District","Republican","PYLE, JEFFREY PAUL ","1,472","0","0"
"2018 General Election","INDIANA","Representative in the General Assembly","62nd Legislative District","Democratic","DELLAFIORA, LOGAN SHERIFF ","8,858","0","0"
"2018 General Election","INDIANA","Representative in the General Assembly","62nd Legislative District","Republican","STRUZZI, JAMES  BRUNO II","12,321","0","0"
"2018 General Election","INDIANA","Representative in the General Assembly","66th Legislative District","Democratic","TAYLOR, KERITH STRANO ","1,181","0","0"
"2018 General Election","INDIANA","Representative in the General Assembly","66th Legislative District","Republican","DUSH, CRIS  E ","4,640","0","0"
"2018 General Election","JEFFERSON","Representative in the General Assembly","66th Legislative District","Democratic","TAYLOR, KERITH STRANO ","3,188","0","0"
"2018 General Election","JEFFERSON","Representative in the General Assembly","66th Legislative District","Republican","DUSH, CRIS  E ","12,367","0","0"
"2018 General Election","JUNIATA","Representative in the General Assembly","82nd Legislative District","Republican","HERSHEY, JOHNATHAN DEAN ","6,392","0","0"
"2018 General Election","JUNIATA","Representative in the General Assembly","82nd Legislative District","No Affiliation","BOOK, ELIZABETH S ","1,485","0","0"
"2018 General Election","LACKAWANNA","Representative in the General Assembly","112th Legislative District","Democratic","MULLINS, KYLE J ","17,081","0","0"
"2018 General Election","LACKAWANNA","Representative in the General Assembly","112th Legislative District","Republican","LEMONCELLI, ERNEST DOMINIC ","7,428","0","0"
"2018 General Election","LACKAWANNA","Representative in the General Assembly","113th Legislative District","Democratic","FLYNN, MARTIN B ","16,661","0","0"
"2018 General Election","LACKAWANNA","Representative in the General Assembly","114th Legislative District","Democratic","KAVULICH, MICHAEL G ","15,787","0","0"
"2018 General Election","LACKAWANNA","Representative in the General Assembly","117th Legislative District","Republican","BOBACK, KAREN ","1,192","0","0"
"2018 General Election","LACKAWANNA","Representative in the General Assembly","117th Legislative District","Libertarian","JASIKOFF, LOU ","365","0","0"
"2018 General Election","LACKAWANNA","Representative in the General Assembly","118th Legislative District","Democratic","CARROLL, MICHAEL B ","4,555","0","0"
"2018 General Election","LANCASTER","Representative in the General Assembly","13th Legislative District","Democratic","WALKER, SUSANNAH L ","345","0","0"
"2018 General Election","LANCASTER","Representative in the General Assembly","13th Legislative District","Republican","LAWRENCE, JOHN ADDA ","786","0","0"
"2018 General Election","LANCASTER","Representative in the General Assembly","13th Legislative District","Libertarian","PIROCCHI, DOMINIC J ","7","0","0"
"2018 General Election","LANCASTER","Representative in the General Assembly","37th Legislative District","Democratic","DELAHUNT, SUZANNE M ","6,944","0","0"
"2018 General Election","LANCASTER","Representative in the General Assembly","37th Legislative District","Republican","FEE, MELINDA S ","18,490","0","0"
"2018 General Election","LANCASTER","Representative in the General Assembly","41st Legislative District","Democratic","WHERLEY, MICHELE D ","13,122","0","0"
"2018 General Election","LANCASTER","Representative in the General Assembly","41st Legislative District","Republican","MILLER, BRETT R ","16,918","0","0"
"2018 General Election","LANCASTER","Representative in the General Assembly","43rd Legislative District","Democratic","PORTER, JENNIE ELAINE ","9,432","0","0"
"2018 General Election","LANCASTER","Representative in the General Assembly","43rd Legislative District","Republican","GREINER, KEITH JAMES ","15,665","0","0"
"2018 General Election","LANCASTER","Representative in the General Assembly","96th Legislative District","Democratic","STURLA, PETER MICHAEL ","15,230","0","0"
"2018 General Election","LANCASTER","Representative in the General Assembly","97th Legislative District","Democratic","GULICK, DANA HAMP ","14,096","0","0"
"2018 General Election","LANCASTER","Representative in the General Assembly","97th Legislative District","Republican","MENTZER, STEVEN CURTIS ","18,437","0","0"
"2018 General Election","LANCASTER","Representative in the General Assembly","98th Legislative District","Democratic","AUKER-ENDRES, MARY ","7,459","0","0"
"2018 General Election","LANCASTER","Representative in the General Assembly","98th Legislative District","Republican","HICKERNELL, DAVID S ","14,014","0","0"
"2018 General Election","LANCASTER","Representative in the General Assembly","98th Legislative District","Libertarian","MILLER, JAMES M ","536","0","0"
"2018 General Election","LANCASTER","Representative in the General Assembly","99th Legislative District","Democratic","MALARKEY, ELIZABETH ","5,700","0","0"
"2018 General Election","LANCASTER","Representative in the General Assembly","99th Legislative District","Republican","ZIMMERMAN, DAVID H ","14,290","0","0"
"2018 General Election","LANCASTER","Representative in the General Assembly","100th Legislative District","Democratic","HAMBY, DALE ALLEN ","5,462","0","0"
"2018 General Election","LANCASTER","Representative in the General Assembly","100th Legislative District","Republican","CUTLER, BRYAN D ","14,097","0","0"
"2018 General Election","LANCASTER","Representative in the General Assembly","128th Legislative District","Democratic","METCALFE, DOUGLAS B ","470","0","0"
"2018 General Election","LANCASTER","Representative in the General Assembly","128th Legislative District","Republican","GILLEN, MARK M ","1,899","0","0"
"2018 General Election","LANCASTER","Representative in the General Assembly","129th Legislative District","Democratic","WERTZ, TRICIA L ","1,335","0","0"
"2018 General Election","LANCASTER","Representative in the General Assembly","129th Legislative District","Republican","COX, JAMES A JR","3,210","0","0"
"2018 General Election","LAWRENCE","Representative in the General Assembly","9th Legislative District","Democratic","SAINATO, CHRISTOPHER ","11,959","0","0"
"2018 General Election","LAWRENCE","Representative in the General Assembly","9th Legislative District","Republican","MICHALEK, GREGORY E ","9,068","0","0"
"2018 General Election","LAWRENCE","Representative in the General Assembly","10th Legislative District","Democratic / Republican","BERNSTINE, AARON JOSEPH ","7,775","0","0"
"2018 General Election","LAWRENCE","Representative in the General Assembly","10th Legislative District","Green","SLAPPY, DARCELLE L ","1,541","0","0"
"2018 General Election","LAWRENCE","Representative in the General Assembly","17th Legislative District","Republican","WENTLING, PARKE H ","1,353","0","0"
"2018 General Election","LEBANON","Representative in the General Assembly","101st Legislative District","Democratic","LIRIANO, CESAR F ","8,520","0","0"
"2018 General Election","LEBANON","Representative in the General Assembly","101st Legislative District","Republican","RYAN, FRANCIS X ","15,458","0","0"
"2018 General Election","LEBANON","Representative in the General Assembly","102nd Legislative District","Republican","DIAMOND, RUSS ","17,955","0","0"
"2018 General Election","LEBANON","Representative in the General Assembly","104th Legislative District","Democratic","SMITH, PATRICIA ANN ","406","0","0"
"2018 General Election","LEBANON","Representative in the General Assembly","104th Legislative District","Republican","HELM, SUSAN C ","1,739","0","0"
"2018 General Election","LEHIGH","Representative in the General Assembly","22nd Legislative District","Democratic","SCHWEYER, PETER GEORGE ","9,911","0","0"
"2018 General Election","LEHIGH","Representative in the General Assembly","131st Legislative District","Democratic","LEE, ANDREW SCOTT ","9,070","0","0"
"2018 General Election","LEHIGH","Representative in the General Assembly","131st Legislative District","Republican","SIMMONS, JUSTIN J ","10,179","0","0"
"2018 General Election","LEHIGH","Representative in the General Assembly","132nd Legislative District","Democratic","SCHLOSSBERG, MICHAEL H ","14,025","0","0"
"2018 General Election","LEHIGH","Representative in the General Assembly","133rd Legislative District","Democratic","MCNEILL, JEANNE ","15,366","0","0"
"2018 General Election","LEHIGH","Representative in the General Assembly","134th Legislative District","Democratic","APPLEBACH, THOMAS LEE ","9,618","0","0"
"2018 General Election","LEHIGH","Representative in the General Assembly","134th Legislative District","Republican","MACKENZIE, RYAN E ","12,026","0","0"
"2018 General Election","LEHIGH","Representative in the General Assembly","183rd Legislative District","Democratic","RUFF, JASON ","5,212","0","0"
"2018 General Election","LEHIGH","Representative in the General Assembly","183rd Legislative District","Republican","MAKO, ZACHARY ","5,974","0","0"
"2018 General Election","LEHIGH","Representative in the General Assembly","187th Legislative District","Democratic","BLICHAR, MICHAEL JR","9,176","0","0"
"2018 General Election","LEHIGH","Representative in the General Assembly","187th Legislative District","Republican","DAY, GARY  W ","14,346","0","0"
"2018 General Election","LUZERNE","Representative in the General Assembly","116th Legislative District","Republican","TOOHIL, TARAH C ","14,996","0","0"
"2018 General Election","LUZERNE","Representative in the General Assembly","117th Legislative District","Republican","BOBACK, KAREN ","9,029","0","0"
"2018 General Election","LUZERNE","Representative in the General Assembly","117th Legislative District","Libertarian","JASIKOFF, LOU ","1,622","0","0"
"2018 General Election","LUZERNE","Representative in the General Assembly","118th Legislative District","Democratic","CARROLL, MICHAEL B ","11,381","0","0"
"2018 General Election","LUZERNE","Representative in the General Assembly","119th Legislative District","Democratic","MULLERY, GERALD J ","10,719","0","0"
"2018 General Election","LUZERNE","Representative in the General Assembly","119th Legislative District","Republican","BEHRENS, JUSTIN  V ","9,484","0","0"
"2018 General Election","LUZERNE","Representative in the General Assembly","120th Legislative District","Republican","KAUFER, AARON D. ","16,677","0","0"
"2018 General Election","LUZERNE","Representative in the General Assembly","121st Legislative District","Democratic","PASHINSKI, EDWIN A ","9,690","0","0"
"2018 General Election","LUZERNE","Representative in the General Assembly","121st Legislative District","Republican","HENRY, SUSAN ","7,222","0","0"
"2018 General Election","LYCOMING","Representative in the General Assembly","83rd Legislative District","Democratic","PAGE-DELAHAYE, AIRNEEZER J ","6,771","0","0"
"2018 General Election","LYCOMING","Representative in the General Assembly","83rd Legislative District","Republican","WHEELAND, JEFF C ","13,108","0","0"
"2018 General Election","LYCOMING","Representative in the General Assembly","84th Legislative District","Democratic","SOSNIAK, LINDA KAY ","4,372","0","0"
"2018 General Election","LYCOMING","Representative in the General Assembly","84th Legislative District","Republican","EVERETT, GARTH DAVID ","16,698","0","0"
"2018 General Election","McKEAN","Representative in the General Assembly","67th Legislative District","Democratic","COLE, MARYANNE ","2,864","0","0"
"2018 General Election","McKEAN","Representative in the General Assembly","67th Legislative District","Republican","CAUSER, MARTIN T ","9,673","0","0"
"2018 General Election","MERCER","Representative in the General Assembly","7th Legislative District","Democratic / Republican","LONGIETTI, MARK ALFRED ","21,573","0","0"
"2018 General Election","MERCER","Representative in the General Assembly","8th Legislative District","Democratic","BOEVING-LEARNED, LISA K ","3,708","0","0"
"2018 General Election","MERCER","Representative in the General Assembly","8th Legislative District","Republican","NESBIT, TEDD ","9,282","0","0"
"2018 General Election","MERCER","Representative in the General Assembly","17th Legislative District","Republican","WENTLING, PARKE H ","4,951","0","0"
"2018 General Election","MIFFLIN","Representative in the General Assembly","81st Legislative District","Democratic","ROGERS, RICHARD JAMES SR","187","0","0"
"2018 General Election","MIFFLIN","Representative in the General Assembly","81st Legislative District","Republican","IRVIN, RICHARD S. ","725","0","0"
"2018 General Election","MIFFLIN","Representative in the General Assembly","81st Legislative District","Libertarian","SOLOSKI, JOSEPH P ","16","0","0"
"2018 General Election","MIFFLIN","Representative in the General Assembly","82nd Legislative District","Republican","HERSHEY, JOHNATHAN DEAN ","6,381","0","0"
"2018 General Election","MIFFLIN","Representative in the General Assembly","82nd Legislative District","No Affiliation","BOOK, ELIZABETH S ","1,347","0","0"
"2018 General Election","MIFFLIN","Representative in the General Assembly","171st Legislative District","Democratic","MCCRACKEN, ERIN  CONDO ","695","0","0"
"2018 General Election","MIFFLIN","Representative in the General Assembly","171st Legislative District","Republican","BENNINGHOFF, KERRY ALBERT ","3,436","0","0"
"2018 General Election","MONROE","Representative in the General Assembly","115th Legislative District","Democratic","MADDEN, MAUREEN E ","11,316","0","0"
"2018 General Election","MONROE","Representative in the General Assembly","115th Legislative District","Republican","PARKER, DAVID C ","7,511","0","0"
"2018 General Election","MONROE","Representative in the General Assembly","176th Legislative District","Democratic","WILLIAMS, CLAUDETTE ","9,621","0","0"
"2018 General Election","MONROE","Representative in the General Assembly","176th Legislative District","Republican","RADER, JACK B JR","11,635","0","0"
"2018 General Election","MONROE","Representative in the General Assembly","189th Legislative District","Democratic","RODRIGUEZ, ADAM ANTHONY ","6,318","0","0"
"2018 General Election","MONROE","Representative in the General Assembly","189th Legislative District","Republican","BROWN, ROSEMARY ","8,744","0","0"
"2018 General Election","MONTGOMERY","Representative in the General Assembly","26th Legislative District","Democratic","HACKER, PAMELA A ","1,673","0","0"
"2018 General Election","MONTGOMERY","Representative in the General Assembly","26th Legislative District","Republican","HENNESSEY, TIMOTHY F ","507","0","0"
"2018 General Election","MONTGOMERY","Representative in the General Assembly","53rd Legislative District","Democratic","MALAGARI, STEVEN RICHARD ","13,581","0","0"
"2018 General Election","MONTGOMERY","Representative in the General Assembly","53rd Legislative District","Republican","SZEKELY, GEORGE ANDREW II","12,724","0","0"
"2018 General Election","MONTGOMERY","Representative in the General Assembly","53rd Legislative District","Libertarian","WALDENBERGER, JOHN M ","288","0","0"
"2018 General Election","MONTGOMERY","Representative in the General Assembly","61st Legislative District","Democratic","HANBIDGE, LAURA  ELIZABETH FRANCES ","17,625","0","0"
"2018 General Election","MONTGOMERY","Representative in the General Assembly","61st Legislative District","Republican","HARPER, CATHERINE M ","15,186","0","0"
"2018 General Election","MONTGOMERY","Representative in the General Assembly","70th Legislative District","Democratic","BRADFORD, MATTHEW D ","15,939","0","0"
"2018 General Election","MONTGOMERY","Representative in the General Assembly","70th Legislative District","Republican","MUNDIATH, CHRISTOPHER  ","7,063","0","0"
"2018 General Election","MONTGOMERY","Representative in the General Assembly","131st Legislative District","Democratic","LEE, ANDREW SCOTT ","2,759","0","0"
"2018 General Election","MONTGOMERY","Representative in the General Assembly","131st Legislative District","Republican","SIMMONS, JUSTIN J ","3,568","0","0"
"2018 General Election","MONTGOMERY","Representative in the General Assembly","146th Legislative District","Democratic","CIRESI, JOSEPH P ","14,058","0","0"
"2018 General Election","MONTGOMERY","Representative in the General Assembly","146th Legislative District","Republican","QUIGLEY, THOMAS J ","11,264","0","0"
"2018 General Election","MONTGOMERY","Representative in the General Assembly","147th Legislative District","Democratic","CAMSON, JOSHUA HARRIS ","12,052","0","0"
"2018 General Election","MONTGOMERY","Representative in the General Assembly","147th Legislative District","Republican","TOEPEL, MARCY L ","15,794","0","0"
"2018 General Election","MONTGOMERY","Representative in the General Assembly","148th Legislative District","Democratic","DALEY, MARY  JOSEPHINE ","26,555","0","0"
"2018 General Election","MONTGOMERY","Representative in the General Assembly","149th Legislative District","Democratic","BRIGGS, TIMOTHY PATRICK ","22,987","0","0"
"2018 General Election","MONTGOMERY","Representative in the General Assembly","150th Legislative District","Democratic","WEBSTER, JOSEPH G. PHD","15,551","0","0"
"2018 General Election","MONTGOMERY","Representative in the General Assembly","150th Legislative District","Republican","FOUNTAIN, NICHOLAS ","12,180","0","0"
"2018 General Election","MONTGOMERY","Representative in the General Assembly","151st Legislative District","Democratic","JOHNSON ROTHMAN, SARA JOANNE ","14,438","0","0"
"2018 General Election","MONTGOMERY","Representative in the General Assembly","151st Legislative District","Republican","STEPHENS, WILLIAM TODD ","15,269","0","0"
"2018 General Election","MONTGOMERY","Representative in the General Assembly","152nd Legislative District","Democratic","BOLING, DARYL KIRK ","12,511","0","0"
"2018 General Election","MONTGOMERY","Representative in the General Assembly","152nd Legislative District","Republican","MURT, THOMAS PAUL ","15,150","0","0"
"2018 General Election","MONTGOMERY","Representative in the General Assembly","153rd Legislative District","Democratic","SANCHEZ, BEN ","23,654","0","0"
"2018 General Election","MONTGOMERY","Representative in the General Assembly","153rd Legislative District","Republican","BEAVER, DOUGLAS M JR","9,413","0","0"
"2018 General Election","MONTGOMERY","Representative in the General Assembly","153rd Legislative District","Libertarian","BOZZACCO, MARC ","352","0","0"
"2018 General Election","MONTGOMERY","Representative in the General Assembly","154th Legislative District","Democratic","MCCARTER, STEPHEN C ","26,312","0","0"
"2018 General Election","MONTGOMERY","Representative in the General Assembly","154th Legislative District","Republican","BOWERS, KATHLEEN E ","5,986","0","0"
"2018 General Election","MONTGOMERY","Representative in the General Assembly","157th Legislative District","Democratic","SHUSTERMAN, MELISSA ","3,151","0","0"
"2018 General Election","MONTGOMERY","Representative in the General Assembly","157th Legislative District","Republican","KAMPF, WARREN E ","2,648","0","0"
"2018 General Election","MONTGOMERY","Representative in the General Assembly","166th Legislative District","Democratic","VITALI, GREGORY S ","4,563","0","0"
"2018 General Election","MONTGOMERY","Representative in the General Assembly","166th Legislative District","Republican","RUBIO, BALTAZAR EDSON ","881","0","0"
"2018 General Election","MONTGOMERY","Representative in the General Assembly","172nd Legislative District","Democratic","BOYLE, KEVIN J ","743","0","0"
"2018 General Election","MONTGOMERY","Representative in the General Assembly","194th Legislative District","Democratic","DELISSIO, PAMELA ANN ","4,388","0","0"
"2018 General Election","MONTGOMERY","Representative in the General Assembly","194th Legislative District","Republican","STEVENS, SEAN PATRICK ","1,104","0","0"
"2018 General Election","MONTGOMERY","Representative in the General Assembly","194th Legislative District","Libertarian","BALTSAR, MATTHEW RYAN ","45","0","0"
"2018 General Election","MONTOUR","Representative in the General Assembly","107th Legislative District","Democratic","DONNELLY, SARAH ","2,421","0","0"
"2018 General Election","MONTOUR","Representative in the General Assembly","107th Legislative District","Republican","MASSER, KURT A ","4,563","0","0"
"2018 General Election","NORTHAMPTON","Representative in the General Assembly","131st Legislative District","Democratic","LEE, ANDREW SCOTT ","2,083","0","0"
"2018 General Election","NORTHAMPTON","Representative in the General Assembly","131st Legislative District","Republican","SIMMONS, JUSTIN J ","1,834","0","0"
"2018 General Election","NORTHAMPTON","Representative in the General Assembly","135th Legislative District","Democratic","SAMUELSON, STEPHEN P ","15,872","0","0"
"2018 General Election","NORTHAMPTON","Representative in the General Assembly","136th Legislative District","Democratic","FREEMAN, ROBERT ","14,516","0","0"
"2018 General Election","NORTHAMPTON","Representative in the General Assembly","137th Legislative District","Democratic","COZZE, AMY ","11,203","0","0"
"2018 General Election","NORTHAMPTON","Representative in the General Assembly","137th Legislative District","Republican","EMRICK, JOSEPH T ","14,200","0","0"
"2018 General Election","NORTHAMPTON","Representative in the General Assembly","137th Legislative District","Libertarian","REAGAN, ED ","293","0","0"
"2018 General Election","NORTHAMPTON","Representative in the General Assembly","138th Legislative District","Democratic","DONAHER, DEAN  ","11,741","0","0"
"2018 General Election","NORTHAMPTON","Representative in the General Assembly","138th Legislative District","Republican","HAHN, MARCIA M ","16,705","0","0"
"2018 General Election","NORTHAMPTON","Representative in the General Assembly","138th Legislative District","Libertarian","TOWNE, JAKE ","474","0","0"
"2018 General Election","NORTHAMPTON","Representative in the General Assembly","183rd Legislative District","Democratic","RUFF, JASON ","5,519","0","0"
"2018 General Election","NORTHAMPTON","Representative in the General Assembly","183rd Legislative District","Republican","MAKO, ZACHARY ","8,046","0","0"
"2018 General Election","NORTHUMBERLAND","Representative in the General Assembly","107th Legislative District","Democratic","DONNELLY, SARAH ","3,744","0","0"
"2018 General Election","NORTHUMBERLAND","Representative in the General Assembly","107th Legislative District","Republican","MASSER, KURT A ","8,058","0","0"
"2018 General Election","NORTHUMBERLAND","Representative in the General Assembly","108th Legislative District","Republican","SCHLEGEL CULVER, LYNDA J ","14,270","0","0"
"2018 General Election","PERRY","Representative in the General Assembly","86th Legislative District","Democratic","ANDERSON, KAREN ANN ","4,267","0","0"
"2018 General Election","PERRY","Representative in the General Assembly","86th Legislative District","Republican","KELLER, MARK K ","12,940","0","0"
"2018 General Election","PHILADELPHIA","Representative in the General Assembly","152nd Legislative District","Democratic","BOLING, DARYL KIRK ","934","0","0"
"2018 General Election","PHILADELPHIA","Representative in the General Assembly","152nd Legislative District","Republican","MURT, THOMAS PAUL ","1,293","0","0"
"2018 General Election","PHILADELPHIA","Representative in the General Assembly","170th Legislative District","Democratic","DOYLE, MICHAEL FRANCIS JR","8,467","0","0"
"2018 General Election","PHILADELPHIA","Representative in the General Assembly","170th Legislative District","Republican","WHITE, MARTINA A ","11,537","0","0"
"2018 General Election","PHILADELPHIA","Representative in the General Assembly","172nd Legislative District","Democratic","BOYLE, KEVIN J ","13,502","0","0"
"2018 General Election","PHILADELPHIA","Representative in the General Assembly","173rd Legislative District","Democratic","DRISCOLL, MICHAEL J ","13,556","0","0"
"2018 General Election","PHILADELPHIA","Representative in the General Assembly","174th Legislative District","Democratic","NEILSON, ED ","13,977","0","0"
"2018 General Election","PHILADELPHIA","Representative in the General Assembly","175th Legislative District","Democratic","ISAACSON, MARYLOUISE ","23,503","0","0"
"2018 General Election","PHILADELPHIA","Representative in the General Assembly","177th Legislative District","Democratic","HOHENSTEIN, JOSEPH C ","11,277","0","0"
"2018 General Election","PHILADELPHIA","Representative in the General Assembly","177th Legislative District","Republican","KOZLOWSKI, PATTY PAT ","7,699","0","0"
"2018 General Election","PHILADELPHIA","Representative in the General Assembly","179th Legislative District","Democratic","DAWKINS, JASON T ","14,549","0","0"
"2018 General Election","PHILADELPHIA","Representative in the General Assembly","180th Legislative District","Democratic","CRUZ, ANGEL ","10,225","0","0"
"2018 General Election","PHILADELPHIA","Representative in the General Assembly","181st Legislative District","Democratic","KENYATTA, MALCOLM ","20,843","0","0"
"2018 General Election","PHILADELPHIA","Representative in the General Assembly","181st Legislative District","Republican","STREET, THOMAS M ","1,019","0","0"
"2018 General Election","PHILADELPHIA","Representative in the General Assembly","182nd Legislative District","Democratic","SIMS, BRIAN K ","26,687","0","0"
"2018 General Election","PHILADELPHIA","Representative in the General Assembly","182nd Legislative District","Independent","MCDEVITT, JAMES M ","2,803","0","0"
"2018 General Election","PHILADELPHIA","Representative in the General Assembly","184th Legislative District","Democratic","FIEDLER, ELIZABETH ","17,020","0","0"
"2018 General Election","PHILADELPHIA","Representative in the General Assembly","185th Legislative District","Democratic","DONATUCCI, MARIA P ","15,784","0","0"
"2018 General Election","PHILADELPHIA","Representative in the General Assembly","186th Legislative District","Democratic","HARRIS, JORDAN A ","25,001","0","0"
"2018 General Election","PHILADELPHIA","Representative in the General Assembly","188th Legislative District","Democratic","ROEBUCK, JAMES R ","22,276","0","0"
"2018 General Election","PHILADELPHIA","Representative in the General Assembly","190th Legislative District","Democratic","BROWN, VANESSA L ","22,182","0","0"
"2018 General Election","PHILADELPHIA","Representative in the General Assembly","191st Legislative District","Democratic","MCCLINTON, JOANNA E ","14,536","0","0"
"2018 General Election","PHILADELPHIA","Representative in the General Assembly","192nd Legislative District","Democratic","CEPHAS, MORGAN ","24,653","0","0"
"2018 General Election","PHILADELPHIA","Representative in the General Assembly","194th Legislative District","Democratic","DELISSIO, PAMELA ANN ","17,833","0","0"
"2018 General Election","PHILADELPHIA","Representative in the General Assembly","194th Legislative District","Republican","STEVENS, SEAN PATRICK ","4,451","0","0"
"2018 General Election","PHILADELPHIA","Representative in the General Assembly","194th Legislative District","Libertarian","BALTSAR, MATTHEW RYAN ","692","0","0"
"2018 General Election","PHILADELPHIA","Representative in the General Assembly","195th Legislative District","Democratic","BULLOCK, DONNA ","24,766","0","0"
"2018 General Election","PHILADELPHIA","Representative in the General Assembly","197th Legislative District","Democratic","BURGOS, DANILO  R. ","15,282","0","0"
"2018 General Election","PHILADELPHIA","Representative in the General Assembly","198th Legislative District","Democratic","YOUNGBLOOD, ROSITA C ","21,765","0","0"
"2018 General Election","PHILADELPHIA","Representative in the General Assembly","200th Legislative District","Democratic","RABB, CHRISTOPHER ","31,616","0","0"
"2018 General Election","PHILADELPHIA","Representative in the General Assembly","201st Legislative District","Democratic","KINSEY, STEPHEN ","22,560","0","0"
"2018 General Election","PHILADELPHIA","Representative in the General Assembly","202nd Legislative District","Democratic","SOLOMON, JARED G ","13,914","0","0"
"2018 General Election","PHILADELPHIA","Representative in the General Assembly","203rd Legislative District","Democratic","FITZGERALD, ISABELLA  ","22,533","0","0"
"2018 General Election","PIKE","Representative in the General Assembly","139th Legislative District","Democratic","MARRERO, ORLANDO D ","5,179","0","0"
"2018 General Election","PIKE","Representative in the General Assembly","139th Legislative District","Republican","PEIFER, MICHAEL T ","9,958","0","0"
"2018 General Election","PIKE","Representative in the General Assembly","189th Legislative District","Democratic","RODRIGUEZ, ADAM ANTHONY ","2,239","0","0"
"2018 General Election","PIKE","Representative in the General Assembly","189th Legislative District","Republican","BROWN, ROSEMARY ","3,341","0","0"
"2018 General Election","POTTER","Representative in the General Assembly","67th Legislative District","Democratic","COLE, MARYANNE ","966","0","0"
"2018 General Election","POTTER","Representative in the General Assembly","67th Legislative District","Republican","CAUSER, MARTIN T ","4,821","0","0"
"2018 General Election","POTTER","Representative in the General Assembly","68th Legislative District","Democratic","HEATH, CARRIE L ","122","0","0"
"2018 General Election","POTTER","Representative in the General Assembly","68th Legislative District","Republican","OWLETT, CLINTON DENNIS ","332","0","0"
"2018 General Election","SCHUYLKILL","Representative in the General Assembly","123rd Legislative District","Democratic","GOODMAN, NEAL P ","12,020","0","0"
"2018 General Election","SCHUYLKILL","Representative in the General Assembly","124th Legislative District","Republican","KNOWLES, JEROME P ","11,427","0","0"
"2018 General Election","SCHUYLKILL","Representative in the General Assembly","125th Legislative District","Republican","TOBASH, MICHAEL G ","14,905","0","0"
"2018 General Election","SNYDER","Representative in the General Assembly","85th Legislative District","Democratic","RAGER-KAY, JENNIFER RENEE ","2,352","0","0"
"2018 General Election","SNYDER","Representative in the General Assembly","85th Legislative District","Republican","KELLER, FREDERICK B ","7,059","0","0"
"2018 General Election","SNYDER","Representative in the General Assembly","108th Legislative District","Republican","SCHLEGEL CULVER, LYNDA J ","3,271","0","0"
"2018 General Election","SOMERSET","Representative in the General Assembly","51st Legislative District","Democratic","MAHONEY, TIMOTHY S ","1,065","0","0"
"2018 General Election","SOMERSET","Representative in the General Assembly","51st Legislative District","Republican","DOWLING, MATTHEW DAVID ","2,818","0","0"
"2018 General Election","SOMERSET","Representative in the General Assembly","59th Legislative District","Democratic","DOOLEY, CLARE HELEN ","1,566","0","0"
"2018 General Election","SOMERSET","Representative in the General Assembly","59th Legislative District","Republican","REESE, MICHAEL P ","3,858","0","0"
"2018 General Election","SOMERSET","Representative in the General Assembly","69th Legislative District","Democratic","COLE, JEFF ","4,228","0","0"
"2018 General Election","SOMERSET","Representative in the General Assembly","69th Legislative District","Republican","METZGAR, CARL WALKER ","14,807","0","0"
"2018 General Election","SOMERSET","Representative in the General Assembly","71st Legislative District","Democratic","BARBIN, BRYAN E ","130","0","0"
"2018 General Election","SOMERSET","Representative in the General Assembly","71st Legislative District","Republican","RIGBY, JAMES PATRICK ","201","0","0"
"2018 General Election","SULLIVAN","Representative in the General Assembly","110th Legislative District","Democratic","IANNONE, DONNA ","972","0","0"
"2018 General Election","SULLIVAN","Representative in the General Assembly","110th Legislative District","Republican","PICKETT, TINA ","1,766","0","0"
"2018 General Election","SUSQUEHANNA","Representative in the General Assembly","110th Legislative District","Democratic","IANNONE, DONNA ","748","0","0"
"2018 General Election","SUSQUEHANNA","Representative in the General Assembly","110th Legislative District","Republican","PICKETT, TINA ","2,429","0","0"
"2018 General Election","SUSQUEHANNA","Representative in the General Assembly","111th Legislative District","Democratic","KINNEY, REBECCA L ","3,631","0","0"
"2018 General Election","SUSQUEHANNA","Representative in the General Assembly","111th Legislative District","Republican","FRITZ, JONATHAN A.  ","8,842","0","0"
"2018 General Election","TIOGA","Representative in the General Assembly","68th Legislative District","Democratic","HEATH, CARRIE L ","3,566","0","0"
"2018 General Election","TIOGA","Representative in the General Assembly","68th Legislative District","Republican","OWLETT, CLINTON DENNIS ","11,222","0","0"
"2018 General Election","UNION","Representative in the General Assembly","84th Legislative District","Democratic","SOSNIAK, LINDA KAY ","483","0","0"
"2018 General Election","UNION","Representative in the General Assembly","84th Legislative District","Republican","EVERETT, GARTH DAVID ","1,494","0","0"
"2018 General Election","UNION","Representative in the General Assembly","85th Legislative District","Democratic","RAGER-KAY, JENNIFER RENEE ","4,660","0","0"
"2018 General Election","UNION","Representative in the General Assembly","85th Legislative District","Republican","KELLER, FREDERICK B ","7,655","0","0"
"2018 General Election","VENANGO","Representative in the General Assembly","64th Legislative District","Democratic","KLUCK, JOHN ","6,213","0","0"
"2018 General Election","VENANGO","Representative in the General Assembly","64th Legislative District","Republican","JAMES, R LEE ","12,364","0","0"
"2018 General Election","WARREN","Representative in the General Assembly","65th Legislative District","Republican","RAPP, KATHY L ","11,104","0","0"
"2018 General Election","WASHINGTON","Representative in the General Assembly","15th Legislative District","Democratic","MITKO, TERRI ","2,640","0","0"
"2018 General Election","WASHINGTON","Representative in the General Assembly","15th Legislative District","Republican","KAIL, JOSHUA DANIEL ","5,942","0","0"
"2018 General Election","WASHINGTON","Representative in the General Assembly","39th Legislative District","Democratic","RHODERICK, ROBERT E JR","1,945","0","0"
"2018 General Election","WASHINGTON","Representative in the General Assembly","39th Legislative District","Republican","PUSKARIC, MICHAEL J ","3,101","0","0"
"2018 General Election","WASHINGTON","Representative in the General Assembly","40th Legislative District","Democratic","GUIDI, SHARON  M. ","3,810","0","0"
"2018 General Election","WASHINGTON","Representative in the General Assembly","40th Legislative District","Republican","MIHALEK STUCK , NATALIE  NICOLE  ","6,947","0","0"
"2018 General Election","WASHINGTON","Representative in the General Assembly","46th Legislative District","Democratic","TIMMINS, BYRON FLAVIN ","5,423","0","0"
"2018 General Election","WASHINGTON","Representative in the General Assembly","46th Legislative District","Republican","ORTITAY, JASON A ","8,023","0","0"
"2018 General Election","WASHINGTON","Representative in the General Assembly","48th Legislative District","Democratic","MITCHELL, CLARK ALEXANDER JR.","10,313","0","0"
"2018 General Election","WASHINGTON","Representative in the General Assembly","48th Legislative District","Republican","O'NEAL, TIMOTHY JON ","12,993","0","0"
"2018 General Election","WASHINGTON","Representative in the General Assembly","49th Legislative District","Democratic","TOPRANI, STEVEN MATTHEW ","8,136","0","0"
"2018 General Election","WASHINGTON","Representative in the General Assembly","49th Legislative District","Republican","COOK, DONALD ","7,642","0","0"
"2018 General Election","WASHINGTON","Representative in the General Assembly","50th Legislative District","Democratic","SNYDER, PAMELA ","1,239","0","0"
"2018 General Election","WASHINGTON","Representative in the General Assembly","50th Legislative District","Republican","ROHANNA MCCLURE, ELIZABETH L ","790","0","0"
"2018 General Election","WAYNE","Representative in the General Assembly","111th Legislative District","Democratic","KINNEY, REBECCA L ","2,781","0","0"
"2018 General Election","WAYNE","Representative in the General Assembly","111th Legislative District","Republican","FRITZ, JONATHAN A.  ","7,402","0","0"
"2018 General Election","WAYNE","Representative in the General Assembly","139th Legislative District","Democratic","MARRERO, ORLANDO D ","2,674","0","0"
"2018 General Election","WAYNE","Representative in the General Assembly","139th Legislative District","Republican","PEIFER, MICHAEL T ","7,090","0","0"
"2018 General Election","WESTMORELAND","Representative in the General Assembly","33rd Legislative District","Democratic","DERMODY, FRANCIS J ","3,348","0","0"
"2018 General Election","WESTMORELAND","Representative in the General Assembly","33rd Legislative District","Republican","NULPH, JOSHUA RICHARD ","2,494","0","0"
"2018 General Election","WESTMORELAND","Representative in the General Assembly","52nd Legislative District","Democratic","KEEDY, ETHAN EARL ","1,072","0","0"
"2018 General Election","WESTMORELAND","Representative in the General Assembly","52nd Legislative District","Republican","WARNER, RYAN JAMES ","1,826","0","0"
"2018 General Election","WESTMORELAND","Representative in the General Assembly","54th Legislative District","Democratic","MCCABE, JONATHAN PAUL ","7,991","0","0"
"2018 General Election","WESTMORELAND","Representative in the General Assembly","54th Legislative District","Republican","BROOKS, ROBERT J ","12,450","0","0"
"2018 General Election","WESTMORELAND","Representative in the General Assembly","55th Legislative District","Democratic","PETRARCA, JOSEPH A ","13,003","0","0"
"2018 General Election","WESTMORELAND","Representative in the General Assembly","56th Legislative District","Democratic","HUNT, DOUGLAS D ","10,341","0","0"
"2018 General Election","WESTMORELAND","Representative in the General Assembly","56th Legislative District","Republican","DUNBAR, GEORGE  S ","17,597","0","0"
"2018 General Election","WESTMORELAND","Representative in the General Assembly","57th Legislative District","Democratic","WARREN, COLLIN ","9,491","0","0"
"2018 General Election","WESTMORELAND","Representative in the General Assembly","57th Legislative District","Republican","NELSON, ERIC R ","16,043","0","0"
"2018 General Election","WESTMORELAND","Representative in the General Assembly","58th Legislative District","Democratic","POPOVICH, MARY E ","8,782","0","0"
"2018 General Election","WESTMORELAND","Representative in the General Assembly","58th Legislative District","Republican","WALSH, JUSTIN  M.  ","14,172","0","0"
"2018 General Election","WESTMORELAND","Representative in the General Assembly","59th Legislative District","Democratic","DOOLEY, CLARE HELEN ","6,228","0","0"
"2018 General Election","WESTMORELAND","Representative in the General Assembly","59th Legislative District","Republican","REESE, MICHAEL P ","14,623","0","0"
"2018 General Election","WYOMING","Representative in the General Assembly","117th Legislative District","Republican","BOBACK, KAREN ","8,139","0","0"
"2018 General Election","WYOMING","Representative in the General Assembly","117th Legislative District","Libertarian","JASIKOFF, LOU ","2,011","0","0"
"2018 General Election","YORK","Representative in the General Assembly","47th Legislative District","Democratic","WASCOVICH, MICHAEL J ","9,044","0","0"
"2018 General Election","YORK","Representative in the General Assembly","47th Legislative District","Republican","GILLESPIE, KEITH J ","16,286","0","0"
"2018 General Election","YORK","Representative in the General Assembly","92nd Legislative District","Democratic","DANIELSON, SHANNA LEIGH ","7,711","0","0"
"2018 General Election","YORK","Representative in the General Assembly","92nd Legislative District","Republican","KEEFER, DAWN WETZEL ","17,538","0","0"
"2018 General Election","YORK","Representative in the General Assembly","93rd Legislative District","Democratic","RIVERA-LYTLE, DELMA ","9,341","0","0"
"2018 General Election","YORK","Representative in the General Assembly","93rd Legislative District","Republican","JONES, PAUL MICHAEL ","18,036","0","0"
"2018 General Election","YORK","Representative in the General Assembly","94th Legislative District","Democratic","SNELL, STEPHEN RICHARD ","8,027","0","0"
"2018 General Election","YORK","Representative in the General Assembly","94th Legislative District","Republican","SAYLOR, STANLEY E ","15,799","0","0"
"2018 General Election","YORK","Representative in the General Assembly","95th Legislative District","Democratic","HILL-EVANS, CAROL DELORES ","12,297","0","0"
"2018 General Election","YORK","Representative in the General Assembly","169th Legislative District","Democratic","HAMMOND, SARAH ELIZABETH ","7,378","0","0"
"2018 General Election","YORK","Representative in the General Assembly","169th Legislative District","Republican","KLUNK, KATE ANNE ","17,688","0","0"
"2018 General Election","YORK","Representative in the General Assembly","196th Legislative District","Republican","GROVE, SETH MICHAEL ","19,632","0","0"
